.hack//;48;79099;1
.hack//;298;79099;2
.hack//;873;79099;3
100 Sleeping Princes and the Kingdom of Dreams;97604;349498;1
100% Teacher Pascal;97638;327035;1
12-Sai: Chiccha na Mune no Tokimeki;21609;289796;1
12-Sai: Chiccha na Mune no Tokimeki;21839;289796;2
2.43: Seiin High School Boys Volleyball Team;113231;389250;1
7O3X Fastest Finger First;97979;328826;1
7SEEDS;105807;356032;1
7SEEDS;112686;356032;2
86: Eighty Six;116589;378609;1
86: Eighty Six;131586;378609;2
A Centaur's Life;98519;327597;1
A Certain Magical Index;4654;83322;1
A Certain Magical Index;8937;83322;2
A Certain Magical Index;100185;83322;3
A Certain Scientific Accelerator;104463;360438;1
A Certain Scientific Railgun;6213;114921;1
A Certain Scientific Railgun;16049;114921;2
A Certain Scientific Railgun;104462;114921;3
A Couple of Cuckoos;132052;400585;1
A Dark Rabbit Has Seven Lives;9750;249874;1
A Destructive God Sits Next to Me;104936;372340;1
A Galaxy Next Door;148098;419490;1
A Good Librarian Like a Good Shepherd;17827;283931;1
A Herbivorous Dragon of 5,000 Years Gets Unfairly Villainized;141879;412843;1
A Sister's All You Need;98596;332994;1
A Town Where You Live;17741;257766;1
A Will Eternal;110595;388680;1
A Will Eternal;137742;388680;2
A place further than the Universe;99426;337623;1
ACCA: 13th Ward Observation Department;21823;319983;1
AFTERLOST;101814;360154;1
AMAIM Warrior at the Borderline;131005;402227;1
AMAIM Warrior at the Borderline;143203;402227;2
Abarenbou Kishi!! Matsutarou;20639;279042;1
Absolute Duo;20785;283963;1
Ace Attorney;21360;305077;1
Ace Attorney;101313;305077;2
Ace of Diamond;18689;273005;1
Ace of Diamond;21085;273005;2
Ace of Diamond;105749;273005;3
Active Raid;21417;303730;1
Active Raid;21534;303730;2
Actually, I Am;21033;296713;1
Adachi and Shimamura;109287;371108;1
Adorable Food Goddess;101973;358828;1
Adorable Food Goddess;139348;358828;2
Adorable Food Goddess;141878;358828;3
Aesthetica of a Rogue Hero;13161;259649;1
Afterschool Dice Club;104115;366702;1
Afterschool Pleiades;9911;227891;1
Afterschool Pleiades;17919;227891;2
Agent AIKa;366;80900;1
Ah! My Goddess;50;78920;1
Ah! My Goddess;880;78920;2
Aharen Is Indecypherable;137281;407833;1
Ai: Tenchi Muyo!;20726;283925;1
Ajin;21341;300835;1
Akashic Records of Bastard Magic Instructor;21700;318950;1
Akebi's Sailor Uniform;131548;400090;1
Akiba Maid War;151379;421676;1
Alcohol Is For Married Couples;98657;333232;1
Aldnoah.Zero;20632;279827;1
Aldnoah.Zero;20853;279827;2
Alice & Zouroku;97821;324709;1
Alice or Alice - The Brother With a Sister Complex and His Twin Sisters;99638;342001;1
All Saints Street;114555;380207;1
All Saints Street;122497;380207;2
All Saints Street;137740;380207;3
Allison & Lillia;3549;81809;1
Altair: A Record of Battles;97984;328001;1
Alternate World Pharmacy;136707;406592;1
Amagami SS;8676;172921;1
Amagami SS;11235;172921;2
Amanchu!;21406;304900;1
Amanchu!;100532;304900;2
Amnesia;15085;264532;1
And you thought there is never a girl online?;21290;306741;1
Angel's 3Piece!;97683;329826;1
Angels of Death;99629;344844;1
Angolmois: Record of Mongol Invasion;99412;348706;1
Animal Detectives Kiruminzoo;7152;212551;1
Animation Kapibara-san;121799;390277;1
AntiMagic Academy 35th Test Platoon;20704;299511;1
Ao-chan Can't Study!;105989;360010;1
Aoashi;134732;407840;1
Aoharu x Machinegun;21078;295204;1
Apparently, Disillusioned Adventurers Will Save the World;137909;415188;1
Aquarion;478;79886;1
Aquarion;10447;79886;2
Aquarion;21115;79886;3
Arakawa Under the Bridge;7647;143271;1
Arakawa Under the Bridge;9074;143271;2
Arata The Legend;16518;268059;1
Arcana Famiglia;12967;259652;1
Are You Lost?;108111;362052;1
Aria the Animation;477;79839;1
Aria the Animation;962;79839;2
Aria the Animation;3297;79839;3
Aria the Scarlet Ammo;8630;247949;1
Aria the Scarlet Ammo Double A;20991;299518;1
Arifureta - From Commonplace to World's Strongest;100668;357019;1
Arifureta - From Commonplace to World's Strongest;112323;357019;2
Arknights [PRELUDE TO DAWN];140660;411800;1
Armed Girl's Machiavellianism;21851;321671;1
Armor Shop for Ladies & Gentlemen;104308;353608;1
Armor Shop for Ladies & Gentlemen;124136;353608;2
Arpeggio of Blue Steel;18893;272317;1
As Miss Beelzebub Likes It.;101505;352681;1
As the Moon, So Beautiful;98202;325197;1
Ascendance of a Bookworm;108268;366263;1
Ascendance of a Bookworm;113693;366263;2
Ascendance of a Bookworm;121176;366263;3
Asobi Asobase - workshop of fun -;101001;346798;1
Assassination Classroom;20755;283947;1
Assassination Classroom;21170;283947;2
Asteroid in Love;108092;371444;1
Astra Lost in Space;107663;361456;1
Atelier Escha & Logy: Alchemists of the Dusk;20506;278151;1
Attack on Titan;16498;267440;1
Attack on Titan;20958;267440;2
Attack on Titan;99147;267440;3
Attack on Titan;104578;267440;4
Attack on Titan;110277;267440;5
Attack on Titan;131681;267440;6
Attack on Titan;146984;267440;7
Attack on Titan: Junior High;21281;299882;1
Azur Lane: Slow Ahead!;114473;392491;1
BAKUMATSU;101373;352679;1
BAKUMATSU;106568;352679;2
BBK/BRNK;21471;304106;1
BBK/BRNK;21740;304106;2
BEATLESS;100245;337020;1
BNA: Brand New Animal;110354;366460;1
BOFURI: I Don't Want to Get Hurt, So I'll Max Out My Defense;106479;373679;1
BOFURI: I Don't Want to Get Hurt, So I'll Max Out My Defense;116867;373679;2
Baby Steps;20510;278152;1
Baby Steps;20854;278152;2
Baby and Me;1485;253430;1
Babylon (2019);101349;369143;1
Back Street Girls;100665;347160;1
Backflip!!;125839;395746;1
Baka and Test: Summon The Beasts;6347;132961;1
Baka and Test: Summon The Beasts;8516;132961;2
Bakuman;7674;193811;1
Bakuman;10030;193811;2
Bakuman;12365;193811;3
BanG Dream!;87435;320002;1
BanG Dream!;101633;320002;2
BanG Dream!;101634;320002;3
Banished From the Heroes' Party;126213;400573;1
Basilisk;67;78881;1
Basilisk;99569;78881;2
Battery (2016);21702;309209;1
Battle Athletes Victory ReSTART!;120534;398095;1
Battle Game in 5 Seconds;126047;391736;1
Battle Girl High School: Battle Girl Project;21787;329825;1
Battle Through The Heavens;102464;337284;1
Battle Through The Heavens;102463;337284;2
Battle Through The Heavens;104922;337284;3
Battle Through The Heavens;122639;337284;4
Battle Through The Heavens;137728;337284;5
Beast Tamer;150695;421092;1
Beastars;107660;361013;1
Beastars;114194;361013;2
Beautiful Bones: Sakurako's Investigation;21066;299509;1
Beelzebub;9513;219771;1
Beet the Vandel Buster;8;75205;1
Beet the Vandel Buster;1123;75205;2
Ben-To;10396;251906;1
Berserk (2016);21560;307111;1
Berserk (2016);97643;307111;2
Beyond the Boundary;18153;272697;1
Beyond the Clouds, The Promised Place;433;101441;1
Bibliophile Princess;144533;415310;1
Big Windup!;2159;81108;1
Big Windup!;7720;81108;2
Birdie Wing - Golf Girls' Story;140830;411914;1
Birdie Wing - Golf Girls' Story;151606;411914;2
Black Butler;4898;83996;1
Black Butler;6707;83996;2
Black Butler;20606;83996;3
Black Lagoon;889;79604;1
Black Lagoon;1519;79604;2
Black Summoner;145260;416588;1
Blade & Soul;20619;278817;1
Blade Dance of the Elementalers;20663;279984;1
Blade of the Immortal (2019);109616;369735;1
Blast of Tempest;14075;262109;1
Bleach;269;74796;1
Bleach;116674;74796;2
Blood Blockade Battlefront;20727;289886;1
Blood Blockade Battlefront;97886;289886;2
Bloom into You;101573;348065;1
Blue Dragon;2142;80147;1
Blue Dragon;4197;80147;2
Blue Exorcist;9919;248035;1
Blue Exorcist;21861;248035;2
Blue Lock;137822;408629;1
Boarding School Juliet;101310;350555;1
Bodacious Space Pirates;8917;254663;1
Boku wa Tomodachi ga Suku;10719;251908;1
Boku wa Tomodachi ga Suku;14967;251908;2
Bomberman Jetters;751;74718;1
Boogiepop Doesn't Laugh;101283;355624;1
Boruto: Naruto Next Generations;97938;321285;1
Bottom-tier Character Tomozaki;112443;388737;1
Brynhildr in the Darkness;20534;279396;1
Bubblegum Crisis;1347;73247;1
Bubblegum Crisis;1348;73247;2
Build Divide - #000000 (Code Black);132525;401918;1
Build Divide - #000000 (Code Black);132526;401918;2
Bungo Stray Dogs;21791;305075;1
Bungo Stray Dogs;21311;305075;2
Bungo Stray Dogs;21679;305075;3
Bungo Stray Dogs;103223;305075;4
Bungo Stray Dogs;141249;305075;5
Bungo Stray Dogs Wan!;120150;392195;1
Bungo and Alchemist -Gears of Judgement-;114411;378034;1
Bunny Drop;10162;249872;1
Burning Kabaddi;120859;396903;1
By the Grace of the Gods;115740;380477;1
By the Grace of the Gods;135102;380477;2
Call of the Night;141391;412374;1
Campfire Cooking in Another World with My Absurd Skills;156067;426572;1
Can I Make Your Ears Happy in 180 Seconds?;133411;402127;1
Cardcaptor Sakura;232;70668;1
Cardfight!! Vanguard;9539;245821;1
Cardfight!! Vanguard;13145;245821;2
Cardfight!! Vanguard;15611;245821;3
Cardfight!! Vanguard;20564;245821;4
Cardfight!! Vanguard;20921;245821;5
Cardfight!! Vanguard;21345;245821;6
Cardfight!! Vanguard;21664;245821;7
Cardfight!! Vanguard;87476;245821;8
Cardfight!! Vanguard;99733;245821;9
Cardfight!! Vanguard;101594;245821;10
Cardfight!! Vanguard;115656;245821;11
Cardfight!! Vanguard;121962;245821;12
Cardfight!! Vanguard;128827;245821;13
Case File nº221: Kabukicho;103638;355219;1
Castle Town Dandelion;20951;295896;1
Cat Planet Cuties;6166;173301;1
Caught Between a Yuri Relationship;152207;422345;1
Cautious Hero: The Hero Is Overpowered but Overly Cautious;105156;369048;1
Celestial Method;20672;279981;1
Cells at Work!;100977;346931;1
Cells at Work!;108631;346931;2
Cells at Work! Code Black;117533;380402;1
Cerberus;21608;306847;1
Chaika the Coffin Princess;20462;278127;1
Chaika the Coffin Princess;20719;278127;2
Chain Chronicle;20986;314031;1
Chaos Dragon;21055;296764;1
Charlotte (2015);20997;289679;1
Cheer Boys!!;21713;309493;1
Chi's Sweet Home;3841;81844;1
Chi's Sweet Home;6024;81844;2
Chi's Sweet Home;21796;81844;3
Chi's Sweet Home;99478;81844;4
Chidori RSC - Rifle Is Beautiful;104679;367513;1
Chihayafuru;10800;251982;1
Chihayafuru;14397;251982;2
Chihayafuru;101215;251982;3
Children of the Whales;98449;332159;1
Chio's School Road;99366;337350;1
Chivalry of a Failed Knight;21092;299506;1
Chronicles of the Going Home Club;18495;270064;1
Chronos Ruler;97939;327016;1
Chuunibyou demo Koi ga Shitai!;14741;261862;1
Chuunibyou demo Koi ga Shitai!;18671;261862;2
"ChäoS;Child";21126;320459;1
Cinderella Nine;104989;359832;1
Clannad;2167;80644;1
Clannad;4181;80644;2
Classroom Crisis;21112;295220;1
Classroom of the Elite;98659;329822;1
Classroom of the Elite;145545;329822;2
Cleanliness Boy! Aoyama-Kun;98205;328823;1
Code Geass: Lelouch of the Rebellion;1575;79525;1
Code Geass: Lelouch of the Rebellion;2904;79525;2
Code:Breaker;11703;262093;1
Code:Realize − Guardian of Rebirth;98630;330308;1
Combatants Will Be Dispatched!;116588;394340;1
Comical Psychosomatic Medicine;20901;292098;1
Concrete Revolutio ~A Superhuman Fantasy~;21249;299491;1
Convenience Store Boyfriends;98631;329993;1
Cooking Master Boy;110;85455;1
Cooking with Valkyries;110287;366589;1
Corpse Princess;4581;83363;1
Corpse Princess;5034;83363;2
Cross Ange: Tenshi to Ryuu no Rondo;20806;284402;1
Crossing Time;101002;341988;1
Cute High Earth Defense Club LOVE!;20877;286853;1
Cute High Earth Defense Club LOVE!;21293;286853;2
Cyclops Girl Saipu;17397;268060;1
D.Gray-Man;1482;79635;1
D.Gray-Man Hallow;21558;312878;1
D4DJ;115069;386713;1
D4DJ;147216;386713;2
Dagashi Kashi;21365;303725;1
Dagashi Kashi;99734;303725;2
Daily Lives of High School Boys;11843;254661;1
Daimidaler;20588;278262;1
Dame×Prince Anime Caravan;99637;339401;1
Danball Senki;7081;260946;1
Danball Senki;12651;260946;2
Danball Senki;17917;260946;3
Dances with the Dragons;87504;332161;1
Danganronpa 3: The End of Hope's Peak Academy Side: Despair;21825;314361;1
Danganronpa: The Animation;16592;270058;1
Danganronpa: The Animation;21509;270058;2
Darker than Black;2025;80042;1
Darker than Black;6573;80042;2
Date a Live;15583;264663;1
Date a Live;19163;264663;2
Date a Live;100722;264663;3
Date a Live;116605;264663;4
Deaimon: Recipe for Happiness;132532;409329;1
Death March to the Parallel World Rhapsody;97907;336404;1
Death Parade;20931;289177;1
Delicious Party♡Pretty Cure;142080;414107;1
Demon King Daimao;7088;140071;1
Demon Lord, Retry!;104252;361709;1
Demon Slayer: Kimetsu no Yaiba;101922;348545;1
Demon Slayer: Kimetsu no Yaiba;129874;348545;2
Demon Slayer: Kimetsu no Yaiba;142329;348545;3
Demon Slayer: Kimetsu no Yaiba;145139;348545;4
Denki-gai;20710;282060;1
Detective Conan;235;72454;1
Detective Conan: The Culprit Hanzawa;140005;416846;1
Diabolik Lovers;17513;272312;1
Diabolik Lovers;21046;272312;2
Diary of Our Days at the Breakwater;109019;372361;1
Didn't I Say to Make My Abilities Average in the Next Life?!;101227;368861;1
Dies Irae;21555;321690;1
Digimon Adventure:;114811;376003;1
Digimon Frontier;1132;380653;1
Digimon Tamers;874;277575;1
Digimon: Data Squad;859;339733;1
Digimon: Digital Monsters;552;72241;1
Digimon: Digital Monsters;1313;72241;2
Do You Love Your Mom and Her Two-Hit Multi-Target Attacks?;104723;362053;1
Dog & Scissors;17831;270057;1
Dog Days;10155;247836;1
Dog Days;11783;247836;2
Dog Days;16385;247836;3
Domestic Girlfriend;103139;354170;1
Don't Call Us a Junk Game!;125870;391162;1
Don't Hurt Me, My Healer!;132351;401935;1
Don't Toy With Me, Miss Nagatoro;120697;385278;1
Don't Toy With Me, Miss Nagatoro;140596;385278;2
Dorm Mother of the Goddess' Dorm;117989;400642;1
Dororo (2019);101347;354167;1
Dr. Ramune: Mysterious Disease Specialist;123779;391365;1
Dr. Slump;2222;75112;1
Dr. Stone;105333;355774;1
Dr. Stone;113936;355774;2
Dr. Stone;131518;355774;3
Dragon Ball;223;76666;1
Dragon Ball Kai;6033;88031;1
Dragon Ball Kai;20635;88031;2
Dragon Goes House Hunting;123802;398083;1
Dragon Quest: Dai's Great Adventure;2229;157001;1
Dragon Quest: The Adventure of Dai;114099;374191;1
Dragonar Academy;20592;278941;1
Dream Festival!;87530;317436;1
Dream Festival!;97937;317436;2
Drifters (2016);21123;312559;1
Drifting Dragons;108450;361017;1
Dropkick on my Devil!!;100714;347215;1
Dropkick on my Devil!!;107294;347215;2
Dropkick on my Devil!!;124641;347215;3
Dropout Idol Fruit Tart;108713;372959;1
Drug Store in Another World: The Slow Life of a Cheat Pharmacist;114302;402094;1
Durarara!!;6746;133341;1
Durarara!!;20652;133341;2
Durarara!!;20879;133341;3
Durarara!!;20880;133341;4
Dusk Maiden of Amnesia;12445;257852;1
ERASED;21234;303071;1
Elegant Yokai Apartment Life;98501;329827;1
Encouragement of Climb;14355;264523;1
Encouragement of Climb;20485;264523;2
Encouragement of Climb;98866;264523;3
Encouragement of Climb;131182;264523;4
Endo and Kobayashi Live! The Latest on Tsundere Villainess Lieselotte;143064;422405;1
Eureka Seven;237;79360;1
Eureka Seven;12471;79360;2
Eve no Jikan;3167;84709;1
Extra Olympia Kyklos;115186;379918;1
FLCL;227;78878;1
FLCL;21746;78878;2
FLCL;21748;78878;3
Fafner;75;81110;1
Fafner;17080;81110;2
Fafner;21287;81110;3
Fairy Tail;6702;114801;1
Fairy Tail;20626;114801;2
Fairy Tail;99749;114801;3
Fanfare of Adolescence;138452;409256;1
Fantasia Sango: Realm of Legends;137247;407694;1
Farewell, My Dear Cramer;123494;394143;1
Farming Life in Another World;146850;418367;1
Fate/Grand Order - Absolute Demonic Front: Babylonia;103275;353666;1
Fate/Kaleid Liner Prisma Illya;14829;269319;1
Fate/Kaleid Liner Prisma Illya;20467;269319;2
Fate/Kaleid Liner Prisma Illya;20845;269319;3
Fate/Kaleid Liner Prisma Illya;21379;269319;4
Fate/Stay Night;356;79151;1
Fate/Stay Night: Unlimited Blade Works;19603;278626;1
Fate/Stay Night: Unlimited Blade Works;20792;278626;2
Fate/Zero;10087;275798;1
Fate/Zero;11741;275798;2
Fena: Pirate Princess;122052;386570;1
Fire Force;105310;355480;1
Fire Force;114236;355480;2
First Love Monster;21242;309498;1
Fist of the Blue Sky;1541;85192;1
Fist of the Blue Sky;100408;85192;2
Fist of the Blue Sky;102860;85192;3
Fist of the North Star;967;79156;1
Fist of the North Star;1356;79156;2
Flowers of Evil;16201;267810;1
Fog Hill of Five Elements;107069;383686;1
Folktales From Japan;13163;257755;1
Folktales From Japan;98751;257755;2
Food Wars! Shokugeki no Soma;20923;289909;1
Food Wars! Shokugeki no Soma;21518;289909;2
Food Wars! Shokugeki no Soma;99255;289909;3
Food Wars! Shokugeki no Soma;100773;289909;4
Food Wars! Shokugeki no Soma;109963;289909;5
Food Wars! Shokugeki no Soma;114043;289909;6
Four Rhythm Across the Blue;21319;299505;1
Fox Spirit Matchmaker (2017);98976;329326;1
Francesca;20748;279979;1
Frankenstein Family;98477;333237;1
Free! - Iwatobi Swim Club;18507;270065;1
Free! - Iwatobi Swim Club;20614;270065;2
Free! - Iwatobi Swim Club;101117;270065;3
Freezing (2011);9367;219701;1
Freezing (2011);18001;219701;2
From the New World;13125;262838;1
Fruits Basket (2019);105334;357488;1
Fruits Basket (2019);111762;357488;2
Fruits Basket (2019);124194;357488;3
Full Dive: This Ultimate Next-Gen Full Dive RPG is Even Shittier than Real Life!;126791;395156;1
Full Metal Panic!;71;78914;1
Full Metal Panic!;72;78914;2
Full Metal Panic!;73;78914;3
Full Metal Panic!;21451;78914;4
Full-Time Magister;99200;328670;1
Full-Time Magister;100294;328670;2
Future Folktales;117096;376126;1
Fuuto PI;131912;400674;1
GATE;20994;295222;1
GATE;21364;295222;2
GJ Club;14811;264055;1
GJ Club;20567;264055;2
GREAT PRETENDER;110349;376144;1
Gakuen Basara: Samurai High School;101470;353297;1
Gal & Dino;111323;378809;1
Gargantia on the Verdurous Planet;16524;267432;1
Garo: Crimson Moon;21277;303145;1
Garo: The Animation;20753;279980;1
Gatchaman Crowds;18229;269873;1
Gatchaman Crowds;20487;269873;2
Gaworare;19685;278330;1
Gegege no Kitarou (2018);100978;341996;1
Genei wo Kakeru Taiyou;17651;269681;1
Genshiken;240;78919;1
Genshiken;2508;78919;2
Genshiken;18465;78919;3
Ghastly Prince Enma Burning Up;9493;247921;1
Ghost in the Shell: Stand Alone Complex;467;73749;1
Ghost in the Shell: Stand Alone Complex;801;73749;2
Ghost in the Shell: Stand Alone Complex;106154;73749;3
Ghost in the Shell: Stand Alone Complex;117756;73749;4
Giant Beasts of Ars;155089;425368;1
Gintama;918;79895;1
Gintama;9969;79895;2
Gintama;15417;79895;3
Gintama;20996;79895;4
Gintama;97889;79895;5
Gintama;101925;79895;6
Girl Meets Bear;21423;305083;1
Girlfriend, Girlfriend;126192;395486;1
Girlish Number;21627;314287;1
Girls Beyond the Wasteland;21444;303147;1
Girls' Frontline;110521;373360;1
Girls' Frontline;124230;373360;2
Girls' Frontline (2022);128828;401231;1
Girls' Last Tour;99420;332983;1
Golden Kamuy;99699;338455;1
Golden Kamuy;102977;338455;2
Golden Kamuy;110355;338455;3
Golden Kamuy;142343;338455;4
Golden Time (2013);17895;272138;1
Gonna Be the Twin-Tail!!;20565;283924;1
Gorgeous Butterfly: Young Nobunaga;106894;361756;1
Granblue Fantasy The Animation;21361;319981;1
Granblue Fantasy The Animation;107346;319981;2
Grand Blue Dreaming;100922;343913;1
Grand Blues!;117086;389234;1
Grimgar of Fantasy and Ash;21428;303868;1
Grimoire of Zero;97682;317828;1
Ground Control to Psychoelectric Girl;9379;247934;1
Gundam Build Fighters;19319;273004;1
Gundam Build Fighters;20739;273004;2
Gunslinger Girl;134;78812;1
Gunslinger Girl;3231;78812;2
Gunslinger Girl;4765;78812;3
Gunslinger Stratos: The Animation;20979;289885;1
Gurazeni: Money Pitch;98479;341438;1
Gurren Lagann;2001;80096;1
HAKYU HOSHIN ENGI;99727;337121;1
HENNEKO;15225;264047;1
HYPNOSISMIC -Division Rap Battle- Rhyme Anima;113652;373275;1
Hacker Doll: The Animation;21182;299760;1
Haganai;10719;251908;1
Haganai;14967;251908;2
Haikyuu!!;20464;278157;1
Haikyuu!!;20992;278157;2
Haikyuu!!;21698;278157;3
Haikyuu!!;106625;278157;4
Haikyuu!!;113538;278157;5
Hajime no Ippo: The Fighting;263;79685;1
Hajime no Ippo: The Fighting;5258;79685;2
Hajime no Ippo: The Fighting;19647;79685;3
Hakkenden: Touhou Hakken Ibun;15613;264527;1
Hakkenden: Touhou Hakken Ibun;18055;264527;2
Hakone-chan;21246;299601;1
Hakumei and Mikochi;99748;339276;1
Hamatora;20521;275634;1
Hamatora;20711;275634;2
Hanabi-chan Is Often Late;137621;418740;1
Hanasaku Iroha: Blossoms for Tomorrow;9289;246521;1
Handyman Saitou in Another World;144092;414845;1
Happy Cooking Graffiti;20744;284794;1
Haruchika – Haruta & Chika;21213;303729;1
Haven't You Heard? I'm Sakamoto;21595;306153;1
Hayate the Combat Butler;2026;80554;1
Hayate the Combat Butler;4192;80554;2
Hayate the Combat Butler;14653;80554;3
Hayate the Combat Butler;16982;80554;4
Heaven Official's Blessing;113260;388672;1
Heaven's Design Team;117696;392212;1
Heaven's Lost Property;5958;118101;1
Heaven's Lost Property;8407;118101;2
Heavenly Delusion;155783;426165;1
Hell Girl;228;79106;1
Hell Girl;1594;79106;2
Hell Girl;3713;79106;3
Hell Girl;98379;79106;4
Hell's Paradise;128893;402474;1
Hellsing Ultimate;777;263688;1
Hensuki: Are You Willing to Fall in Love With a Pervert, As Long;107961;361749;1
Here Comes the Three Angels;97683;329826;1
Heroines Run the Show;138459;409264;1
Hidamari Sketch;1852;82154;1
Hidamari Sketch;3604;82154;2
Hidamari Sketch;7062;82154;3
Hidamari Sketch;11239;82154;4
Higehiro: After Being Rejected, I Shaved and Took in a High School Runaway;114232;390306;1
High School DxD;11617;254653;1
High School DxD;15451;254653;2
High School DxD;20745;254653;3
High School DxD;97767;254653;4
High School Fleet;21316;306743;1
High School Prodigies Have It Easy Even in Another World!;108388;369395;1
High School Star Musical;21118;299742;1
High School Star Musical;100280;299742;2
High School of the Dead;9515;171591;1
High School of the Dead;8074;171591;2
High Score Girl;20574;346673;1
High Score Girl;108581;346673;2
Higurashi: When They Cry – New;114446;385002;1
Higurashi: When They Cry – New;131149;385002;2
Hiiro no Kakera;12461;257098;1
Hiiro no Kakera;14645;257098;2
Himegoto;20634;279530;1
Himote House: A Share House of Super Psychic Girls;102875;347226;1
Himouto! Umaru-chan;20987;293121;1
Himouto! Umaru-chan;98572;293121;2
Hina Logic - From Luck & Logic;21738;329987;1
Hip Whip Girl;21639;315164;1
Hitori Bocchi's ○○ Lifestyle;101386;358411;1
Holmes of Kyoto;101292;348601;1
Horizon in the middle of Nowhere;10456;252345;1
Horizon in the middle of Nowhere;12487;252345;2
Housing Complex C;146475;420753;1
How Many Kilograms are the Dumbbells You Lift?;107226;360502;1
How NOT to Summon a Demon Lord;101004;347425;1
How NOT to Summon a Demon Lord;117448;347425;2
How a Realist Hero Rebuilt the Kingdom;117612;389422;1
How a Realist Hero Rebuilt the Kingdom;139648;389422;2
How clumsy you are, Miss Ueno.;101773;354193;1
How to Keep a Mummy;99390;337019;1
Hozuki's Coolheadedness;20431;275613;1
Hozuki's Coolheadedness;98438;275613;2
Hozuki's Coolheadedness;100852;275613;3
Hunter X Hunter (2011);11061;252322;1
Hybrid x Heart Magias Academy Ataraxia;21378;307112;1
Hyperdimension Neptunia;16157;267705;1
I Can't Understand What My Husband Is Saying;20735;285357;1
I Can't Understand What My Husband Is Saying;21000;285357;2
I Got a Cheat Skill in Another World and Became Unrivaled in the Real World, Too;153845;423653;1
I My Me;16169;264522;1
I My Me;20689;264522;2
I My Me;97818;264522;3
I Tried Asking While Kowtowing;122137;388536;1
I Want You To Make a Disgusted Face and Show Me Your Underwear;101970;350301;1
I'm Kodama Kawashiri;138912;414669;1
I'm Now Your Sister!;147864;419278;1
I'm Quitting Heroing: Next Gig Is at the Demon Queen's Castle;140457;411625;1
I'm Standing on a Million Lives;116242;383518;1
I'm Standing on a Million Lives;127366;383518;2
I'm the Villainess, So I'm Taming the Last Boss;139820;411821;1
I've Been Killing Slimes for 300 Years and Maxed Out My Level;112608;389377;1
I've Had Enough Of Being A Magical Girl;21422;304110;1
I've Had Enough Of Being A Magical Girl;21892;304110;2
I've Somehow Gotten Stronger When I Improved My Farm-Related Skills;145815;417165;1
IDOLiSH7;87495;337336;1
IDOLiSH7;103110;337336;2
IDOLiSH7;127721;337336;3
IDOLiSH7;128890;337336;4
IRODUKU : The World in Colors;101316;351751;1
IS: Infinite Stratos;9041;219131;1
IS: Infinite Stratos;18247;219131;2
If It's for My Daughter, I'd Even Defeat a Demon Lord;107956;362839;1
If My Favorite Pop Idol Made It to the Budokan, I Would Die;104391;371193;1
Ikebukuro West Gate Park (2020);111324;381769;1
Ikemen Sengoku: Bromances Across Time;98715;330087;1
Immoral Guild;146233;417674;1
In Another World With My Smartphone;98491;329992;1
In Another World With My Smartphone;147571;329992;2
In Search of Lost Future;20591;284211;1
In the Heart of Kunoichi Tsubaki;141350;412312;1
In the Land of Laedale;130166;402831;1
In/Spectre;107201;368565;1
In/Spectre;126529;368565;2
Inari Kon Kon;20488;275584;1
Inazuma Eleven;5231;146401;1
Inazuma Eleven;10507;146401;2
Inazuma Eleven;13261;146401;3
Inazuma Eleven Ares;21879;345384;1
Inazuma Eleven Ares;104077;345384;2
Inazuma Eleven: Orion no Kokuin;104077;345384;1
Indian Summer;3085;81782;1
Initial D;185;70900;1
Initial D;186;70900;2
Initial D;187;70900;3
Initial D;18;70900;4
Initial D;15059;70900;5
Initial D;19613;70900;6
InoBato;20646;283937;1
Insomniacs After School;143653;414562;1
Interview With Monster Girls;97592;316931;1
InuYasha;249;71361;1
InuYasha;6811;71361;2
Invaders of the Rokujouma!?;20638;279528;1
Ippon! again;136435;417570;1
Irina: The Vampire Cosmonaut;131019;401855;1
Is It Wrong to Try to Pick Up Girls in a Dungeon?;20920;289882;1
Is It Wrong to Try to Pick Up Girls in a Dungeon?;101167;289882;2
Is It Wrong to Try to Pick Up Girls in a Dungeon?;112124;289882;3
Is It Wrong to Try to Pick Up Girls in a Dungeon?;129196;289882;4
Is It Wrong to Try to Pick Up Girls in a Dungeon?;155211;289882;5
Is It Wrong to Try to Pick Up Girls in a Dungeon? On the Side: Sword Oratoria;21676;321670;1
Is This A Zombie?;8841;220571;1
Is This A Zombie?;10790;220571;2
Is the Order a Rabbit?;20517;278818;1
Is the Order a Rabbit?;21034;278818;2
Is the Order a Rabbit?;104198;278818;3
Isekai Izakaya: Japanese Food From Another World;97873;344974;1
Isekai Quartet;104454;357471;1
Isekai Quartet;110178;357471;2
Ishida and Asakura;16317;265530;1
Isuca;20746;284169;1
It's Difficult to Love an Otaku;99578;341425;1
Ittoki the Ninja;145604;416902;1
Ixion Saga: Dimension Transfer;14765;262113;1
Izetta, The Last Witch;21838;313867;1
Japan Sinks: 2020;112357;370768;1
Jian Wang Chao;101077;343999;1
Jian Wang Chao;104553;343999;2
JoJo's Bizarre Adventure (2012);14719;262954;1
JoJo's Bizarre Adventure (2012);20474;262954;2
JoJo's Bizarre Adventure (2012);20799;262954;3
JoJo's Bizarre Adventure (2012);21450;262954;4
JoJo's Bizarre Adventure (2012);102883;262954;5
JoJo's Bizarre Adventure (2012);131942;262954;6
JoJo's Bizarre Adventure (2012);146722;262954;7
Joran: The Princess of Snow and Blood;129664;398103;1
Jormungand;12413;257756;1
Jormungand;13331;257756;2
Jujutsu Kaisen;113415;377543;1
Juni Taisen: Zodiac War;98443;333709;1
Junji Ito Collection;99940;335237;1
Junjou Romantica;3092;84230;1
Junjou Romantica;4814;84230;2
Junjou Romantica;20796;84230;3
K;14467;261249;1
K;20913;261249;2
K-ON!;5680;87501;1
K-ON!;7791;87501;2
KADO: The Right Answer;21452;321535;1
KAGINADO;132528;411329;1
KAGINADO;143150;411329;2
KINMOZA!;16732;269872;1
KINMOZA!;20654;269872;2
KOKKOKU;100332;336480;1
Kabaneri of the Iron Fortress;21196;305082;1
Kageki Shojo!!;125446;401258;1
Kagewani;21225;300106;1
Kagewani;21636;300106;2
Kaguya-sama: Love is War;101921;354198;1
Kaguya-sama: Love is War;112641;354198;2
Kaguya-sama: Love is War;125367;354198;3
Kaguya-sama: Love is War;151384;354198;4
Kaichou wa Maid-sama;7054;148151;1
Kaiji;3002;81234;1
Kaiji;10271;81234;2
Kaiju Girls;21760;317665;1
Kaiju Girls;99888;317665;2
Kaina of the Great Snow Sea;144144;414908;1
Kakegurui;98314;327572;1
Kakegurui;100876;327572;2
Kakuriyo -Bed & Breakfast for Spirits-;100500;339922;1
KamiKatsu: Working for God in a Godless World;148048;419126;1
Kamisama Hajimemashita;14713;262106;1
Kamisama Hajimemashita;20801;262106;2
KanColle: Kantai Collection;20553;279533;1
KanColle: Kantai Collection;21294;279533;2
Kashimashi : Girl Meets Girl;667;80984;1
Katana Maidens ~ Mini Toji;105387;356777;1
Katana Maidens ~ Toji No Miko;98747;337622;1
Keep Your Hands Off Eizouken!;109298;370769;1
Kemeko Deluxe!;3464;83360;1
Kemono Friends;87496;319997;1
Kemono Friends;99624;319997;2
Kemono Michi: Rise Up;107339;368905;1
Kemurikusa;101123;354199;1
Key Princess Story Eternal Alice Rondo;577;79206;1
Kids on the Slope;12531;257762;1
Kimi ni Todoke: From Me To You;6045;117801;1
Kimi ni Todoke: From Me To You;9656;117801;2
King's Game - The Animation;99698;332981;1
King's Raid: Successors of the Will;118376;387510;1
Kingdom (2012);12031;259635;1
Kingdom (2012);17389;259635;2
Kingdom (2012);113108;259635;3
Kingdom (2012);140350;259635;4
Kino's Journey: The Beautiful World (2017);98448;333152;1
Kiss Him, Not Me;21686;316814;1
Kiyo in Kyoto: From the Maiko House;117067;397425;1
Knights of Sidonia;19775;278154;1
Knights of Sidonia;20762;278154;2
Koihime Musou;4262;83314;1
Koihime Musou;6112;83314;2
Koihime Musou;8057;83314;3
Koikimo;114840;397860;1
Komi Can't Communicate;133965;402412;1
Komi Can't Communicate;142984;402412;2
Komori-san Can't Decline!;21243;299537;1
Kono Oto Tomare!: Sounds of Life;103302;358181;1
Kono Oto Tomare!: Sounds of Life;108891;358181;2
KonoSuba – An Explosion on This Wonderful World!;150075;420657;1
KonoSuba – God’s blessing on this wonderful world!!;21202;303867;1
KonoSuba – God’s blessing on this wonderful world!!;21699;303867;2
Kubikiri Cycle: Aoiro Savant to Zaregoto Tsukai;21803;319357;1
Kubo Won't Let Me Be Invisible;148969;420084;1
Kuma Kuma Kuma Bear;114340;386572;1
Kuma Kuma Kuma Bear;127550;386572;2
Kuroko's Basketball;11771;257765;1
Kuroko's Basketball;16894;257765;2
Kuroko's Basketball;20725;257765;3
Kyousougiga;10893;254658;1
Kyousougiga;15359;254658;2
Kyousougiga;19703;254658;3
LBX Girls;119123;391883;1
Lagrange - The Flower of Rin-ne;11227;254662;1
Lagrange - The Flower of Rin-ne;12281;254662;2
Laid-Back Camp;98444;330692;1
Laid-Back Camp;104459;330692;2
Land of the Lustrous;98707;331787;1
Landlord is in Puberty!;21359;304491;1
Lapis Re:LiGHTs;104937;382868;1
Last Exile;97;72902;1
Last Exile;10336;72902;2
Last Hero Inuyashiki;97922;321209;1
Last Hope;100341;341429;1
Last Period: the journey to the end of the despair;101044;344221;1
Late Night! The Genius Bakabon;101580;349459;1
Laughing Under the Clouds;20817;284439;1
Layton Mystery Detective Agency: Kat's Mystery‑Solving Files;100785;343054;1
League of Nations Air Force Aviation Magic Band Luminous Witches;103118;402223;1
Legend of Mana: The Teardrop Crystal;136150;418279;1
Legend of the Galactic Heroes;820;81618;1
Legend of the Galactic Heroes: Die Neue These;20628;343237;1
Let's Make a Mug Too;122148;398106;1
Let's Make a Mug Too;135939;398106;2
Letter Bee;6444;112521;1
Letter Bee;8311;112521;2
Life Lessons with Uramichi-Oniisan;112802;401234;1
Life With an Ordinary Guy Who Reincarnated Into a Total Fantasy Knockout;134252;405227;1
Lights of the Clione;98475;329828;1
Link Click;126403;402033;1
Little Busters!;13655;259638;1
Little Busters!;18195;259638;2
Little Witch Academia;21858;318161;1
Locodol;20611;279040;1
Log Horizon;17265;272128;1
Log Horizon;20671;272128;2
Log Horizon;114862;272128;3
Lookism (2022);158539;425285;1
Lord El-Melloi II's Case Files {Rail Zeppelin} Grace Note;106918;357492;1
Lord Marksman and Vanadis;20809;284132;1
Lord of Vermilion: The Crimson King;101384;348687;1
Lostorage incited WIXOSS;21772;317206;1
Lostorage incited WIXOSS;98473;317206;2
Love After World Domination;132010;401902;1
Love All Play (2022);137633;408348;1
Love Bullet: Yuri Kuma Arashi;20827;289172;1
Love Flops;146676;418218;1
Love Is Like After the Rain;98385;337122;1
Love Kome: We Love Rice;97862;321698;1
Love Kome: We Love Rice;99391;321698;2
Love Live!;15051;264533;1
Love Live!;19111;264533;2
Love Live! Nijigasaki High School Idol Club;113970;388317;1
Love Live! Nijigasaki High School Idol Club;133891;388317;2
Love Live! Sunshine!!;21584;306407;1
Love Live! Sunshine!!;98349;306407;2
Love Live! Superstar!!;114979;400512;1
Love Live! Superstar!!;140642;400512;2
Love Tyrant;21517;321697;1
Love and Lies;98320;327015;1
Love of Kill;127050;406168;1
Love to Lie Angle;100762;343076;1
Love, Election, & Chocolate;12175;259641;1
Lovely Muco;21228;301424;1
Lucifer and the Biscuit Hammer;144323;415061;1
Lupin III;1412;71863;1
Lupin III;1425;71863;2
Lupin III;1426;71863;3
Lupin III;20906;71863;4
Lupin III;100957;71863;5
Lupin III;134623;71863;6
Lupin III - The Woman Called Fujiko Mine;13203;257875;1
MAOYU;14833;264056;1
MEGALOBOX;100298;341437;1
MEGALOBOX;113359;341437;2
Made in Abyss;97986;326109;1
Made in Abyss;114745;326109;2
Maerchen Maedchen;99720;337123;1
Maesetsu! Opening Act;110632;371667;1
Magi: Adventure of Sinbad;20609;310718;1
Magi: The Labyrinth of Magic;14513;262094;1
Magi: The Labyrinth of Magic;18115;262094;2
Magia Record: Puella Magi Madoka Magica Side Story;104051;370931;1
Magia Record: Puella Magi Madoka Magica Side Story;117002;370931;2
Magia Record: Puella Magi Madoka Magica Side Story;136080;370931;3
Magic of Stella;21597;309203;1
Magica Wars;20530;278156;1
Magical Circle Guru Guru (2017);98144;328847;1
Magical Destroyers;134131;402893;1
Magical Girl Lyrical Nanoha;76;81115;1
Magical Girl Lyrical Nanoha;77;81115;2
Magical Girl Lyrical Nanoha;1915;81115;3
Magical Girl Lyrical Nanoha;20820;81115;4
Magical Girl Ore;100715;342349;1
Magical Girl Raising Project;21340;316815;1
Magical Girl Site;100010;341998;1
Magical Girl Spec-Ops Asuka;103222;354171;1
Magical Senpai;105074;361707;1
Magical Somera-chan;21156;299515;1
Magical Warfare;19769;275574;1
Magician's Academy;3654;83940;1
Magic★Kyun! Renaissance;21850;314482;1
Magmel of the Sea Blue;101597;358180;1
Mahou Sensei Negima!;157;75869;1
Mahou Sensei Negima!;1546;75869;2
Majestic Prince;15863;268284;1
Majikoi - Oh! Samurai Girls!;10213;252343;1
Major 2nd;100306;341436;1
Major 2nd;112302;341436;2
Makai Senki Disgaea;860;80206;1
Maken-Ki! Battling Venus;9936;252474;1
Maken-Ki! Battling Venus;15565;252474;2
Malevolent Spirits: Mononogatari;141785;412626;1
Management of Novice Alchemist;139369;410147;1
Mankind Has Declined;10357;259653;1
Manual of Hundred Demons;114136;381536;1
Manual of Hundred Demons;126347;381536;2
Manual of Hundred Demons;141866;381536;3
March Comes in Like a Lion;21366;306269;1
Maria Holic;5030;84591;1
Maria Holic;9712;84591;2
Maria the Virgin Witch;20840;286856;1
Martian Successor Nadesico;218;71313;1
Marvel Disk Wars: The Avengers;20548;278153;1
Masamune-kun's Revenge;21857;318860;1
Mashle: Magic and Muscles;151801;421737;1
Matoi the Sacred Slayer;21873;315100;1
Matthew the Rabbit;101354;345144;1
Medaka Box;11761;257522;1
Medaka Box;14527;257522;2
Megaton-class Musashi;87502;402182;1
Mekaku City Actors;20541;278199;1
Merc Storia: The Apathetic Boy and the Girl in a Bottle;101125;353603;1
Mewkledreamy;111310;376043;1
Mewkledreamy;130777;376043;2
Michiko and Hatchin;4087;83475;1
Midnight Occult Civil Servants;102939;358331;1
Mikagura School Suite;20983;292926;1
Military!;20793;289310;1
Million Arthur;101359;352569;1
Million Arthur;104071;352569;2
Minami Kamakura High School Girls Cycling Club;21298;319985;1
Minami-ke;2963;81463;1
Minami-ke;3225;81463;2
Minami-ke;5162;81463;3
Minami-ke;14511;81463;4
Miss Bernard said.;21854;316331;1
Miss Caretaker of Sunohara-sou;100556;347468;1
Miss Kobayashi's Dragon Maid;21776;318893;1
Miss Kobayashi's Dragon Maid;107717;318893;2
Miss Kuroitsu From the Monster Development Department;136428;411002;1
Miss Monochrome;20033;272311;1
Miss Monochrome;21113;272311;2
Miss Monochrome;21332;272311;3
Miss Shachiku and the Little Baby Ghost;135384;412391;1
Mitsudomoe;7627;173211;1
Mitsudomoe;9510;173211;2
Mix: Meisei Story;103555;360761;1
Mix: Meisei Story;153344;360761;2
Mob Psycho 100;21507;307375;1
Mob Psycho 100;101338;307375;2
Mob Psycho 100;140439;307375;3
Mobile Suit Gundam SEED;93;254931;1
Mobile Suit Gundam UC RE:0096;21658;142601;1
Mobile Suit Gundam: Iron-Blooded Orphans;21268;299497;1
Mobile Suit Gundam: Iron-Blooded Orphans;21749;299497;2
Mobile Suit Gundam: The Witch from Mercury;139274;418364;1
Mobile Suit Gundam: The Witch from Mercury;155158;418364;2
Momokuri;21050;299746;1
Monogatari;5081;102261;1
Monogatari;11597;102261;2
Monogatari;17074;102261;3
Monogatari;21262;102261;4
Monogatari;21745;102261;5
Monster Girl Doctor;113286;380655;1
Monster Incidents;114085;390382;1
Monster Musume: Everyday Life with Monster Girls;21093;293119;1
Monthly Girls' Nozaki-kun;20668;279804;1
More Than a Married Couple, But Not Lovers;141949;412806;1
Moriarty the Patriot;114124;385542;1
Moriarty the Patriot;124858;385542;2
Moribito: Guardian of the Spirit;1827;80044;1
Mr Love: Queen's Choice;110371;384017;1
Mr. Nobunaga's Young Bride;106239;359836;1
Mr. Osomatsu;21261;300989;1
Mr. Osomatsu;98565;300989;2
Mr. Osomatsu;120851;300989;3
Mr. TONEGAWA Middle Management Blues;101161;344200;1
Ms. Koizumi Loves Ramen Noodles (2018);98529;339447;1
Ms. vampire who lives in my neighborhood;101371;352212;1
Muhyo & Roji's Bureau of Supernatural Investigation;101340;347467;1
Muhyo & Roji's Bureau of Supernatural Investigation;110028;347467;2
Mushi-Shi;457;79214;1
Mushi-Shi;20526;79214;2
Mushi-Shi;20595;79214;3
Mushi-Shi;20751;79214;4
Mushibugyou;17505;267439;1
Mushoku Tensei: Jobless Reincarnation;108465;371310;1
Mushoku Tensei: Jobless Reincarnation;127720;371310;2
Music Girls;101309;346943;1
Muv-Luv Alternative;112716;402231;1
Muv-Luv Alternative;142985;402231;2
My Big Sister Arrived;20473;275625;1
My Clueless First Friend;157295;427276;1
My Dress-up Darling;132405;401233;1
My First Girlfriend is a Gal;97863;329422;1
My Girlfriend is ShoBitch;98951;334706;1
My Hero Academia;21459;305074;1
My Hero Academia;21856;305074;2
My Hero Academia;100166;305074;3
My Hero Academia;104276;305074;4
My Hero Academia;117193;305074;5
My Hero Academia;139630;305074;6
My Isekai Life;129192;402637;1
My Life as Inukai-san’s Dog;146346;418185;1
My Little Monster;14227;262107;1
My Little Sister Can't Be This Cute;8769;194961;1
My Little Sister Can't Be This Cute;13659;194961;2
My Love Story With Yamada-kun at Lv999;154965;423413;1
My Love Story!!;20946;289905;1
My Master Has No Tail;137341;407998;1
My Next Life as a Villainess: All Routes Lead to Doom!;104647;371437;1
My Next Life as a Villainess: All Routes Lead to Doom!;120209;371437;2
My One-Hit Kill Sister;146234;417675;1
My Ordinary Life;10165;240291;1
My Roommate is a Cat;103874;355968;1
My Senpai is Annoying;120646;401874;1
My Sister, My Writer;100382;352564;1
My Stepmom's Daughter Is My Ex;136934;415240;1
My Sweet Tyrant;100645;342316;1
My Teen Romantic Comedy SNAFU;14813;267435;1
My Teen Romantic Comedy SNAFU;20698;267435;2
My Teen Romantic Comedy SNAFU;108489;267435;3
My Very Own Hero;87494;329313;1
My Wife is a High School Girl;470;82551;1
My Wife is a Magical Girl;614;123611;1
My Wife is the Student Council President!;20984;297315;1
My Wife is the Student Council President!;21610;297315;2
Myriad Colors Phantom World;21306;303073;1
Mysteria Friends;21322;306111;1
Mysterious Girlfriend X;12467;257571;1
Mysterious Joker;20818;283930;1
Märchen Awakens Romance;738;80830;1
NAKAIMO - My little sister is among them!;13367;259645;1
Nagi-Asu: A Lull in the Sea;16067;272073;1
Nanana's Buried Treasure;20556;276896;1
Naruto;20;78857;1
Naruto Shippuden;1735;79824;1
Natsu no Arashi!;6712;88391;1
Natsume's Book of Friends;4081;82788;1
Natsume's Book of Friends;5300;82788;2
Natsume's Book of Friends;10379;82788;3
Natsume's Book of Friends;11665;82788;4
Natsume's Book of Friends;21710;82788;5
Natsume's Book of Friends;97983;82788;6
Nekopara;106863;335088;1
New Battle Vixens;136303;405904;1
New Game!;21455;309532;1
New Game!;98292;309532;2
NieR:Automata Ver1.1a;145665;416998;1
Nights with a Cat;148042;419448;1
Ninja Girl & Samurai Master;21666;315092;1
Ninja Girl & Samurai Master;98420;315092;2
Ninja Girl & Samurai Master;100966;315092;3
Ninja Slayer From Animation;20772;283611;1
Nisekoi;18897;275670;1
Nisekoi;20876;275670;2
No-Rin;18095;275579;1
Noblesse (2020);116005;386818;1
Non Non Biyori;17549;272316;1
Non Non Biyori;20694;272316;2
Non Non Biyori;109403;272316;3
Nora, Princess, and Stray Cat;21568;329824;1
Noragami;20447;275610;1
Noragami;21128;275610;2
Norn9: Norn + Nonette;20643;303067;1
NouCome;19221;272314;1
Null & Peta;110789;369145;1
Nura: Rise of the Yokai Clan;7592;171731;1
Nura: Rise of the Yokai Clan;10049;171731;2
Nyarko-san: Another Crawling Chaos;11785;257521;1
Nyarko-san: Another Crawling Chaos;15699;257521;2
O Maidens in Your Savage Season;105932;361705;1
ORESUKI Are you the only one who loves me?;104464;368862;1
Obey Me!;131880;402180;1
Obey Me!;150697;402180;2
Oda Nobuna's Ambition;11933;259643;1
Oddtaxi;128547;397208;1
Oh, Suddenly Egyptian God;123474;392988;1
Oh, Suddenly Egyptian God;137308;392988;2
Ojisan and Marshmallow;21239;304493;1
One Piece;21;81797;1
One Punch Man;21087;293088;1
One Punch Man;97668;293088;2
One Room;97857;319995;1
One Room;100133;319995;2
One Room;116147;319995;3
One week friends;20527;278819;1
OniAi;14199;262092;1
Orange (2016);21647;307868;1
OreShura;14749;264052;1
Orient;128034;402475;1
Orient;146637;402475;2
Osaka Okan;16405;264972;1
Osamake: Romcom Where the Childhood Friend Won't Lose;124675;396052;1
Oshi no Ko;150672;421069;1
Otaku Elf;150957;421273;1
Otherside Picnic;116287;388381;1
Our Last Crusade or the Rise of a New World;112667;387027;1
Our Love Has Always Been 10 Centimeters Apart;98977;336385;1
Outburst Dreamer Boys;109089;368366;1
Overlord;20832;294002;1
Overlord;98437;294002;2
Overlord;101474;294002;3
Overlord;133844;294002;4
PUI PUI Molcar;127690;395483;1
PUI PUI Molcar;150188;395483;2
Pandora of the Crimson Shell;21511;304107;1
Panty & Stocking with Garterbelt;8795;188551;1
Parasyte -the maxim-;20623;279831;1
Peeping Life;6525;278147;1
Peeping Life;16371;278147;2
Peeping Life;16373;278147;3
Peeping Life;16377;278147;4
Peeping Life;19849;278147;5
Peeping Life;17359;278147;6
Peeping Life;17237;278147;7
Peeping Life;21347;278147;8
Penguindrum;10721;250084;1
Perfect World;120218;394900;1
Peter Grill and the Philosopher's Time;111965;379923;1
Peter Grill and the Philosopher's Time;141400;379923;2
Phantom of the Idol;142095;412857;1
Phi Brain: Puzzle of God;9981;252423;1
Phi Brain: Puzzle of God;12753;252423;2
Phi Brain: Puzzle of God;15651;252423;3
Photo Kano;16397;267436;1
Piacevole! My Italian Cooking;21842;320001;1
Ping Pong;20607;277464;1
Place to Place;12291;257888;1
Planetarian: The Dream of the Small Star;21732;312664;1
Play It Cool, Guys;147885;419283;1
Please Take My Brother Away;98425;327261;1
Please Take My Brother Away;101844;327261;2
Please Take My Brother Away;110088;327261;3
Please Take My Brother Away;120046;327261;4
Please Take My Brother Away;137734;327261;5
Please Tell Me! GALKO-chan;21472;304489;1
Poco's Udon World;21631;315094;1
Pokémon;527;76703;1
Pokémon;1564;76703;2
Pokémon;1565;76703;3
Pokémon;9107;76703;4
Pokémon;14093;76703;5
Pokémon;17115;76703;6
Pokémon;17873;76703;7
Pokémon;19291;76703;8
Pokémon;21356;76703;9
Pokémon;97634;76703;10
Pokémon;112153;76703;11
Pokémon;158871;76703;12
Pokémon: Aim to Be a Pokémon Master;158870;428456;1
Pokémon: Origins;20159;273616;1
Polar Bear's Café;12815;257881;1
Police in a Pod;137312;407862;1
Polyphonica;1727;90341;1
Polyphonica;5504;90341;2
Pop Team Epic;98549;339278;1
Pop Team Epic;143086;339278;2
Poyopoyo Kansatsu Nikki;12021;255206;1
President, It's Time for Battle!;113570;377679;1
Pretty Boy Detective Club;113428;399147;1
Pretty Soldier Sailor Moon;530;78500;1
Pretty Soldier Sailor Moon;740;78500;2
Pretty Soldier Sailor Moon;532;78500;3
Pretty Soldier Sailor Moon;1239;78500;4
Pretty Soldier Sailor Moon;996;78500;5
PriPri Chi-chan!!;98228;327037;1
Prince of Tennis;22;73532;1
Prince of Tennis;11371;73532;2
Prince of Tennis;140187;73532;3
Princess Connect! Re:Dive;107871;377034;1
Princess Connect! Re:Dive;122808;377034;2
Princess Jellyfish;8129;197731;1
Princess Resurrection;2130;81877;1
Prison School;20807;293267;1
Problem Children Are Coming from Another World;15315;264531;1
Project Scard: Scar on the Praeter;123785;392196;1
Psycho-Pass;13601;262090;1
Psycho-Pass;20513;262090;2
Psycho-Pass;108307;262090;3
Punch Line;20964;289907;1
PuraOre! ~Pride of Orange~;126793;400003;1
Puzzle & Dragons Cross;21644;308036;1
R-15;10611;249867;1
RDG: Red Data Girl;14921;267433;1
RErideD – Derrida, who leaps through time –;99413;352854;1
RPG Real Estate;130319;407519;1
RWBY: Ice Queendom;146668;418203;1
Radiant;101024;342131;1
Radiant;108040;342131;2
Rage of Bahamut;20590;284133;1
Rage of Bahamut;21184;284133;2
Rainbow Days;21292;303728;1
Rainy Cocoa;21054;293647;1
Rainy Cocoa;21285;293647;2
Rainy Cocoa;21797;293647;3
Rainy Cocoa;99741;293647;4
Ranking of Kings;113717;391625;1
Ranking of Kings: The Treasure Chest of Courage;153452;432080;1
Ranma ½;149939;76932;1
Ranpo Kitan: Game of Laplace;21189;295894;1
Rascal Does Not Dream Of Bunny Girl Senpai;101291;345596;1
Rave Master;246;72973;1
Raven of the Inner Palace;142701;413515;1
Re:Zero -Starting Life in Another World-;21355;305089;1
Re:Zero -Starting Life in Another World-;108632;305089;2
Re:Zero -Starting Life in Another World-;119661;305089;3
Real Girl;100526;342010;1
Real Girl;102882;342010;2
Reborn to Master the Blade: From Hero-King to Extraordinary Squire ♀;142193;412957;1
Recently, My Sister is Unusual;17777;275614;1
Record of Grancrest War;97768;335116;1
Recorder and Randsell;11491;254652;1
Recorder and Randsell;13377;254652;2
Recorder and Randsell;18099;254652;3
Recovery of an MMO Junkie;99726;332771;1
Reikenzan: Hoshikuzu-tachi no Utage;21497;304479;1
Reincarnated as a Sword;139587;410378;1
Remake Our Life!;114065;388643;1
Rent-a-Girlfriend;113813;380654;1
Rent-a-Girlfriend;124410;380654;2
Requiem of the Rose King;124060;399117;1
Restaurant to Another World;97617;329820;1
Restaurant to Another World;132806;329820;2
Revue Starlight;98658;346988;1
Riddle Story of Devil;19429;278126;1
Rin-ne;20953;289903;1
Rin-ne;21357;289903;2
Rin-ne;97670;289903;3
Ro-Kyu-Bu!;10572;249869;1
Ro-Kyu-Bu!;16051;249869;2
Robot Girls Z;19799;275573;1
Robot Girls Z;20998;275573;2
Rock Lee & His Ninja Pals;12979;257837;1
Rokka: Braves of the Six Flowers;20955;295243;1
Rokudo's Bad Girls;160442;429895;1
Ronia the Robber's Daughter;20617;279527;1
Room Mate;98238;325192;1
Rosario + Vampire;2993;81184;1
Rosario + Vampire;4214;81184;2
Rozen Maiden;64;75411;1
Rozen Maiden;65;75411;2
Rumble Garanndoll;131878;401906;1
Run with the Wind;101903;352853;1
Rusted Armors;109820;408700;1
SHIMONETA: A Boring World Where the Concept of 'Dirty Jokes' Doesn’t Exist;20910;293774;1
SK8 the Infinity;124153;388858;1
SPY x FAMILY;140960;405920;1
SPY x FAMILY;142838;405920;2
SSSS.DYNAZENON;113950;392925;1
SSSS.GRIDMAN;99424;349418;1
SUPER HXEROS;112818;378049;1
Sacrificial Princess and the King of Beasts;128715;402644;1
Saekano: How to Raise a Boring Girlfriend;20657;281275;1
Saekano: How to Raise a Boring Girlfriend;21180;281275;2
Saga of Tanya the Evil;21613;315500;1
Sailor Moon Crystal;14751;275039;1
Saint Seiya: Knights of the Zodiac;151659;351487;1
Saiyuki;129;80587;1
Saiyuki;130;80587;2
Saiyuki;131;80587;3
Saiyuki;87498;80587;4
Saiyuki Reload -Zeroin-;128400;409307;1
Saki;5671;87841;1
Saki;10884;87841;2
Saki;16123;87841;3
Salaryman's Club;140502;411665;1
Samurai Girls;8277;186911;1
Samurai Girls;15377;186911;2
Samurai Warriors;20944;290122;1
Sasaki and Miyano;126288;404886;1
Sasami-san at Ganbaranai;14515;264051;1
Saving 80,000 Gold in Another World for My Retirement;152765;422675;1
"Say ""I Love You""";14289;262112;1
Sayonara Zetsubou Sensei;2605;80327;1
Sayonara Zetsubou Sensei;3228;80327;2
Sayonara Zetsubou Sensei;4872;80327;3
Sayonara Zetsubou Sensei;6377;80327;4
School Babysitters;98503;335235;1
School Shock;99658;297413;1
School-Live!;20754;283946;1
Science Fell in Love, So I Tried to Prove It;107067;368358;1
Science Fell in Love, So I Tried to Prove It;125124;368358;2
Scorching Ping Pong Girls;21715;316844;1
Scum's Wish;21701;318895;1
Sea Story;6129;102041;1
Seirei Gensouki: Spirit Chronicles;126546;398544;1
Seiyu's Life!;21009;295892;1
Sekirei;4063;82807;1
Sekirei;5277;82807;2
Sekkō Boys;21329;304490;1
Selector Infected WIXOSS;20615;278327;1
Selector Infected WIXOSS;20714;278327;2
Sengoku Basara: Samurai Kings;5355;87881;1
Sengoku Basara: Samurai Kings;20612;87881;2
Senran Kagura: Ninja Flash!;15119;264053;1
Senran Kagura: Ninja Flash!;102822;264053;2
Senryu Girl;106051;360011;1
Senyuu;15751;264050;1
Senyuu;18523;264050;2
Seraph of the End;20829;289906;1
Seraph of the End;20993;289906;2
Servant × Service;18119;269682;1
Seton Academy: Join the Pack!;112293;373680;1
Seven Knights Revolution: Hero Successor;129386;397907;1
Seven Mortal Sins;20705;318951;1
Seven Senses of the Re'Union;100085;346676;1
Shadows House;125038;396876;1
Shadows House;139093;396876;2
Shadowverse;112325;378522;1
Shadowverse;140085;378522;2
Shakugan no Shana;355;78962;1
Shakugan no Shana;2787;78962;2
Shakugan no Shana;6773;78962;3
Shaman King (2021);119675;383837;1
She Professed Herself Pupil of the Wise Man;119056;400134;1
Shigofumi - Letters from the Departed;3420;81807;1
Shikimori's Not Just a Cutie;127911;402117;1
Shine On! Bakumatsu Bad Boys!;146650;418183;1
Shining Hearts: Shiawase no Pan;12367;257517;1
Shirogane no Ishi Argevollen;20667;279826;1
Shomin Sample;20771;284073;1
Shounen Ashibe;21601;310027;1
Shounen Hollywood;20648;281947;1
Shounen Hollywood;20868;281947;2
Show By Rock!!;20843;291726;1
Show By Rock!!;21476;291726;2
Showa Genroku Rakugo Shinju;20972;304316;1
Showa Genroku Rakugo Shinju;21733;304316;2
Silver Spoon;16918;267246;1
Silver Spoon;19363;267246;2
Sing Yesterday for Me;109020;372534;1
Sirius the Jaeger;101361;346947;1
Skeleton Knight in Another World;132474;401279;1
Skip and Loafer;141911;412696;1
Skull-face Bookseller Honda-san;100093;353219;1
Sky Wizards Academy;20774;283943;1
Slayers;534;77681;1
Slayers;535;77681;2
Slayers;1172;77681;3
Slayers;4028;77681;4
Slayers;5233;77681;5
Sleepy Princess in the Demon Castle;111428;387840;1
Smile Down the Runway;111501;369719;1
Smile of the Arsnotoria the Animation;149874;420549;1
Snow White With The Red Hair;21058;295205;1
Snow White With The Red Hair;21258;295205;2
So I'm a Spider, So What?;103632;377902;1
So, I Can't Play H!;12549;259642;1
Somali and the Forest Spirit;108617;372921;1
Something Small and Cute;140842;415509;1
Sora no Otoshimono;5958;118101;1
Sora no Otoshimono;8407;118101;2
Sora no Otoshimono;12783;118101;3
Sorcerous Stabber Orphen;101367;372939;1
Sorcerous Stabber Orphen;117085;372939;2
Sorcerous Stabber Orphen;155068;372939;3
Sorcerous Stabber Orphen;163417;372939;4
Soul Land;101920;342329;1
Soul Land;103543;342329;2
Soul Land;129347;342329;3
Soul Land;129348;342329;4
Soul Land;129349;342329;5
Soul Land;129350;342329;6
Soul Land;129351;342329;7
Soul Land;129946;342329;8
Soul Land;134168;342329;9
Soul Land;137761;342329;10
Soul Land;141802;342329;11
Soul Land;145210;342329;12
Soul Land;149799;342329;13
Soul Land;153424;342329;14
Sound! Euphonium;20912;289884;1
Sound! Euphonium;21460;289884;2
Space Battleship Tiramisu;100009;344222;1
Space Battleship Tiramisu;102978;344222;2
Space Brothers;12431;256705;1
Space Dandy;20057;272849;1
Space Dandy;20666;272849;2
Space Patrol Luluco;21637;307323;1
Special Crime Investigation Unit - Special 7;108554;368757;1
Speed Grapher;198;78972;1
Spice and Wolf;2966;81178;1
Spice and Wolf;5341;81178;2
Spirit Blade Mountain;21497;304479;1
Spirit Blade Mountain;21744;304479;2
Spirited Away by the Wolf;7079;133451;1
Spiritpact;98031;321503;1
Spiritpact;100813;321503;2
Spy Classroom;146323;415821;1
Squid Girl;8557;195721;1
Squid Girl;10378;195721;2
Star Blazers 2199;12029;259675;1
Star Blazers 2199;21730;259675;2
Stars Align;104052;369141;1
"Steins;Gate 0";21127;339268;1
Stella Women's Academy, High School Division;17821;271152;1
Strange+;20490;276345;1
Strange+;20706;276345;2
Strike Witches;3667;82484;1
Strike Witches;6381;82484;2
Strike Witches;103119;82484;3
Strike Witches: 501st JOINT FIGHTER WING Take Off!;104378;361217;1
Strike the Blood;18277;272129;1
Strike the Blood;21815;272129;2
Strike the Blood;102436;272129;3
Strike the Blood;112296;272129;4
Student Council Staff Members;8675;173271;1
Student Council Staff Members;20448;173271;2
Student Council's Discretion;5909;116001;1
Student Council's Discretion;10464;116001;2
Summer Time Rendering;129201;407306;1
Summoned to Another World for a Second Time;140754;411893;1
Sunday Without God;16009;270068;1
Super Lovers;21177;305101;1
Super Lovers;21836;305101;2
Suppose a Kid From the Last Dungeon Boonies Moved to a Starter Town;112649;386933;1
Sweetness and Lightning;21659;308521;1
Sword Art Online;11757;259640;1
Sword Art Online;20594;259640;2
Sword Art Online;100182;259640;3
Sword Art Online;108759;259640;4
Sword Art Online;114308;259640;5
Symphogear;11751;254667;1
Symphogear;15793;254667;2
Symphogear;20560;254667;3
Symphogear;21672;254667;4
Symphogear;21673;254667;5
TAMAYOMI: The Baseball Girls;110130;376037;1
THE IDOLM@STER CINDERELLA GIRLS Theater;97765;326337;1
THE IDOLM@STER CINDERELLA GIRLS Theater;99742;326337;2
THE iDOLM@STER CINDERELLA GIRLS;20693;289763;1
THE iDOLM@STER CINDERELLA GIRLS;21094;289763;2
THE iDOLM@STER Cinderella Girls U149;146975;424278;1
Tada Doesn't Fall in Love;100179;341432;1
Taisho Otome Fairy Tale;127412;401899;1
Talentless Nana;117343;386714;1
Tales of Agriculture;3001;80808;1
Tales of Agriculture;13409;80808;2
Tales of Symphonia;1731;80328;1
Tales of Symphonia;5306;80328;2
Tales of Symphonia;8995;80328;3
Tales of Zestiria the X;21221;311014;1
Tales of Zestiria the X;97645;311014;2
Tamayura;10232;195571;1
Tamayura;15731;195571;2
Tanaka-kun is Always Listless;21495;305104;1
Tawawa on Monday;97716;318271;1
Tawawa on Monday;139449;318271;2
Teasing Master Takagi-san;99468;337936;1
Teasing Master Takagi-san;107068;337936;2
Teasing Master Takagi-san;138424;337936;3
Teekyuu;15125;262856;1
Teekyuu;21896;262856;2
Teekyuu;98566;262856;3
Teppen!!!!!!!!!!!!!!! Laughing 'til You Cry;143417;416684;1
Terra Formars;20629;279828;1
Terra Formars;21300;279828;2
Terror in Resonance;20661;279986;1
That Time I Got Reincarnated as a Slime;101280;352408;1
That Time I Got Reincarnated as a Slime;108511;352408;2
That Time I Got Reincarnated as a Slime;116742;352408;3
That is the Bottleneck;124028;389235;1
The 8th Son? Are You Kidding Me?;106319;374787;1
The Aegis of Uruk;3230;82266;1
The Aegis of Uruk;4726;82266;2
The Ancient Magus' Bride;98436;316842;1
The Ancient Magus' Bride;154364;316842;2
The Angel Next Door Spoils Me Rotten;143338;414221;1
The Anonymous Noise;21773;321672;1
The Aquatope on White Sand;128545;395198;1
The Aristocrat’s Otherworldly Adventure: Serving Gods Who Go Too Far;153332;423094;1
The Asterisk War;21131;293996;1
The Asterisk War;21390;293996;2
The Beast Player Erin;5420;88911;1
The Blue Orchestra;147369;418904;1
The Café Terrace and Its Goddesses;154412;424435;1
The Case Files of Jeweler Richard;111951;373276;1
The Case Study of Vanitas;131646;400133;1
The Case Study of Vanitas;135136;400133;2
The Comic Artist and Assistants;20537;278976;1
The Count of Monte Cristo: Gankutsuou;239;79178;1
The Daily Life of the Immortal King;114121;376751;1
The Daily Life of the Immortal King;126357;376751;2
The Daily Life of the Immortal King;141852;376751;3
The Dangers in My Heart;153152;422981;1
The Dawn of the Witch;133175;401920;1
The Day I Became a God;118419;384757;1
The Demon Girl Next Door;107490;363143;1
The Demon Girl Next Door;123330;363143;2
The Detective Is Already Dead;128712;397197;1
The Devil Is a Part-Timer!;15809;267441;1
The Devil Is a Part-Timer!;130592;267441;2
The Diary of Our Days;99807;372084;1
The Disappearance of Nagato Yuki-chan;20566;292689;1
The Disastrous Life of Saiki K;21804;313435;1
The Disastrous Life of Saiki K;98034;313435;2
The Duke of Death and His Maid;129277;398555;1
The Dungeon of Black Company;120608;388574;1
The Eccentric Family;17909;269876;1
The Eccentric Family;97642;269876;2
The Eminence in Shadow;130298;407520;1
The Executioner and Her Way of Life;129193;402640;1
The Faraway Paladin;132473;401915;1
The Fire Hunter;125869;402607;1
The Founder of Diabolism;101972;341295;1
The Founder of Diabolism;104458;341295;2
The Fruit of Evolution: Before I Knew It, My Life Had It Made;129068;402636;1
The Fruit of Evolution: Before I Knew It, My Life Had It Made;146954;402636;2
The Fruit of Grisaia;17729;281949;1
The Fruit of Grisaia;21005;281949;2
The Fruit of Grisaia;21006;281949;3
The Future Diary;8460;249827;1
The Future Diary;10620;249827;2
The Genius Prince's Guide to Raising a Nation Out of Debt;129190;400961;1
The Girl in Twilight;101360;352573;1
The Glass Mask Year 3 Class D;97589;318768;1
The Great Jahy Will Not Be Defeated!;132456;401911;1
The Great Passage;21703;309202;1
The Greatest Demon Lord Is Reborn as a Typical Nobody;130586;402652;1
The Gymnastic Samurai;122807;386981;1
The Heike Story;138714;409529;1
The Helpful Fox Senko-san;105914;360579;1
The Heroic Legend of Arslan (2015);20935;291630;1
The Heroic Legend of Arslan (2015);21424;291630;2
The Hidden Dungeon Only I Can Enter;118375;388006;1
The Highschool Life of a Fudanshi;21782;313533;1
The Honor Student at Magic High School;127688;394013;1
The House Spirit Tatami-chan;114891;379306;1
The Ice Guy and His Cool Female Colleague;151252;421514;1
The Iceblade Sorcerer Shall Rule the World;148116;419502;1
The Idaten Deities Know Only Peace;122434;401856;1
The Idolm@ster;10278;249865;1
The Idolm@ster;20693;249865;2
The Irregular at Magic High School;20458;278329;1
The Irregular at Magic High School;112300;278329;2
The Irresponsible Galaxy☆Tylor;99055;330088;1
The Kawai Complex Guide to Manors and Hostel;20529;278196;1
The King's Avatar;98861;326270;1
The King's Avatar;102997;326270;2
The Last Summoner;114108;419444;1
The Laughing Salesman;98239;326439;1
The Legend of Heroes: Trails of Cold Steel – Northern War;130696;412573;1
The Legend of Super Normal City Kashiwa R;112258;383989;1
The Legendary Hero Is Dead;148109;419500;1
The Little Lies We All Tell;146962;418376;1
The Lost Village;21567;305099;1
The Magical Revolution of the Reincarnated Princess and the Genius Young Lady;153629;423362;1
The Magnificent Kotobuki;104253;354636;1
The Maid I Hired Recently Is Mysterious;149326;420225;1
The Master of Ragnarok & Blesser of Einherjar;101289;347294;1
The Melancholy of Haruhi Suzumiya;4382;79414;1
The Millionaire Detective - Balance: UNLIMITED;114888;376211;1
The Misfit of Demon King Academy;112301;375927;1
The Misfit of Demon King Academy;130588;375927;2
The Morose Mononokean;21643;309208;1
The Morose Mononokean;102949;309208;2
The Night Beyond the Tricornered Window;126897;407852;1
The Numbers;21051;315103;1
The Numbers;97875;315103;2
The Ones Within;102926;361713;1
The Outcast (2016);21840;313488;1
The Outcast (2016);98574;313488;2
The Outcast (2016);105401;313488;3
The Outcast (2016);122631;313488;4
The Perfect Insider;21190;296072;1
The Pet Girl of Sakurasou;13759;262114;1
The Piano Forest;100401;342181;1
The Pilot's Love Song;19117;271687;1
The Price of Smiles;104674;354675;1
The Promised Neverland;101759;348002;1
The Promised Neverland;108725;348002;2
The Quintessential Quintuplets;103572;355966;1
The Quintessential Quintuplets;109261;355966;2
The Qwaser of Stigmata;10073;134181;1
The Reason Why Raeliana Ended up at the Duke's Mansion;151847;422039;1
The Reincarnation of the Strongest Exorcist in Another World;144553;415378;1
The Rising of the Shield Hero;99263;353712;1
The Rising of the Shield Hero;111321;353712;2
The Rising of the Shield Hero;111322;353712;3
The Rolling Girls;20815;284585;1
The Royal Tutor;97932;325373;1
The Ryuo's Work is Never Done!;99507;336406;1
The Saint's Magic Power is Omnipotent;123802;397831;1
The Scales of Nil Admirari ~The Mysterious Story of Teito~;99963;342182;1
The Seven Deadly Sins;20789;284131;1
The Seven Deadly Sins;99539;284131;2
The Seven Deadly Sins;108928;284131;3
The Seven Deadly Sins;116752;284131;4
The Seven Heavenly Virtues;100644;339277;1
The Severing Crime Edge;16355;267649;1
The Silver Guardian;21662;324710;1
The Silver Guardian;99148;324710;2
The Slime Diaries: That Time I Got Reincarnated as a Slime;116741;385374;1
The Slow Second Life of the Retired Dark Soldier in His 30s;152523;422564;1
The Space Between the Sky and Sea;99639;352875;1
The Strongest Sage with the Weakest Crest;129191;402374;1
The Tale of the Outcasts;151679;421893;1
The Tatami Galaxy;7785;140751;1
The Tatami Galaxy;137819;140751;2
The Testament of Sister New Devil;20678;284719;1
The Testament of Sister New Devil;21110;284719;2
The Thousand Muskeeters;101380;349496;1
The Three-Body Problem (2022);114123;426655;1
The Unlimited - Hyoubu Kyousuke;16005;264528;1
The Vampire Dies in No Time;118103;400015;1
The Vampire Dies in No Time;142914;400015;2
The Way of the Househusband;125426;391005;1
The Way of the Househusband;132193;391005;2
The World Ends With You: The Animation;120376;392668;1
The World God Only Knows;8525;195711;1
The World God Only Knows;10080;195711;2
The World God Only Knows;16706;195711;3
The World Yamizukan;98442;326336;1
The World is Still Beautiful;20599;278331;1
The World's Finest Assassin Gets Reincarnated in Another World as an Aristocrat;129898;398193;1
The Yakuza's Guide to Babysitting;138882;409723;1
The iDOLM@STER SideM;98310;333234;1
This Art Club Has a Problem!;21457;309207;1
Those Obnoxious Aliens;1293;75113;1
Those Snow White Notes;122348;397965;1
Three Leaves, Three Colors;21334;305085;1
Thunderbolt Fantasy;98143;313665;1
Thunderbolt Fantasy;99557;313665;2
Thunderbolt Fantasy;119806;313665;3
Thus Spoke Kishibe Rohan;21778;391636;1
Tiger & Bunny;9941;246381;1
Tiger & Bunny;117197;246381;2
Time Bokan 24;21755;317820;1
Time Bokan 24;98521;317820;2
Time Travel Girl;21824;313702;1
To Be Hero;97616;317682;1
To Become a Real Heroine! The Unpopular Girl and the Secret Task;138459;409264;1
To Heart;472;81766;1
To Heart;471;81766;2
To Love-Ru;3455;81831;1
To Love-Ru;9181;81831;2
To Love-Ru;13663;81831;3
To Love-Ru;20995;81831;4
To Your Eternity;114535;375271;1
To Your Eternity;138565;375271;2
To the Abandoned Sacred Beasts;107672;361714;1
Today's Menu for Emiya Family;100855;340138;1
Toilet-Bound Hanako-kun;108463;368364;1
Tokyo 24th Ward;140643;411770;1
Tokyo Ghoul;20605;281249;1
Tokyo Ghoul;20850;281249;2
Tokyo Ghoul;100240;281249;3
Tokyo Ghoul;102351;281249;4
Tokyo Revengers;120120;393478;1
Tokyo Revengers;142853;393478;2
Tokyo Slaves;100251;342117;1
Tomo-chan Is a Girl!;151806;421994;1
Tomorrow's Joe;2402;81232;1
Tomorrow's Joe;2921;81232;2
Tonari no Seki-kun: The Master of Killing Tim;18139;275583;1
Tonikawa: Over the Moon for You;116267;385077;1
Tonikawa: Over the Moon for You;141208;385077;2
Too Cute Crisis;155070;425341;1
Total Eclipse;11021;259636;1
Touch;1065;83105;1
Touken Ranbu: Hanamaru;21741;315098;1
Touken Ranbu: Hanamaru;98520;315098;2
Tower of God;115230;376729;1
Trapped in a Dating Sim: The World of Otome Games Is Tough for Mobs;142074;412826;1
Triage X;20839;291625;1
True Cooking Master Boy;107666;370891;1
True Cooking Master Boy;114304;370891;2
Tsubasa: RESERVoir CHRoNiCLE;177;76023;1
Tsubasa: RESERVoir CHRoNiCLE;969;76023;2
Tsubasa: RESERVoir CHRoNiCLE;2685;76023;3
Tsubasa: RESERVoir CHRoNiCLE;4938;76023;4
Tsugumomo;97625;321532;1
Tsugumomo;108266;321532;2
TsukiPro the Animation;97904;333239;1
TsukiPro the Animation;125909;333239;2
Tsukimichi -Moonlit Fantasy-;125206;390832;1
Tsuredure Children;98291;328822;1
Tsurune;100402;352796;1
Tsurune;153841;352796;2
Twin Star Exorcists;21499;307061;1
Uchitama?! Have you seen my Tama?;109964;374491;1
Ultimate Otaku Teacher;21018;291629;1
Ultraman (2019);100663;356041;1
Ulysses: Jeanne d'Arc and the Alchemist Knight;100432;351049;1
Umamusume: Pretty Derby;98514;344220;1
Umamusume: Pretty Derby;124223;344220;2
Unbreakable Machine-Doll;17247;272072;1
Uncle From Another World;135806;405214;1
Unconfirmed & In Progress;20483;275633;1
Undefeated Bahamut Chronicle;21188;299502;1
Unhappy Go Lucky!;21238;299499;1
Unlimited Fafnir;20758;288103;1
Urawa no Usagi-chan;20949;291724;1
Urawa no Usagi-chan;98577;291724;2
Urusei Yatsura (2022);143277;414096;1
Ushio and Tora (2015);21038;294001;1
Ushio and Tora (2015);21241;294001;2
Utawarerumono;856;79880;1
Utawarerumono;21218;79880;2
Utawarerumono;112640;79880;3
UzaMaid!;101506;352839;1
Uzaki-chan Wants to Hang Out!;115113;381406;1
Uzaki-chan Wants to Hang Out!;124395;381406;2
VOICE OF FOX;102385;353296;1
Valvrave the Liberator;16668;268289;1
Valvrave the Liberator;18295;268289;2
Vampire Knight;3457;81816;1
Vampire Knight;4752;81816;2
Vatican Miracle Examiner;97855;329823;1
Vermeil in Gold: A Desperate Magician Barges Into the Magical World Alongside the Strongest Calamity;146210;417658;1
Vinland Saga;101348;359274;1
Vinland Saga;136430;359274;2
Violet Evergarden;21827;330139;1
Virtual-san Looking;106433;357277;1
Vivy -Fluorite Eye's Song-;128546;397774;1
Voltron: Defender of the Universe;1448;78646;1
Voltron: Defender of the Universe;3609;78646;2
W'z;101337;354164;1
WATAMOTE;16742;270062;1
WATATEN!: an Angel Flew Down to Me;102680;355969;1
WAVE!! -Let's go surfing!!- (TV);111137;393243;1
WWW.Wagnaria!!;21764;317802;1
Wagnaria!!;6956;145211;1
Wagnaria!!;10521;145211;2
Wagnaria!!;20819;145211;3
Waiting in the Summer;11433;255056;1
Wakako-Zake;21204;297311;1
Wake Up, Girl Zoo!;20816;284601;1
Wake Up, Girls!;19023;275609;1
Wake Up, Girls!;97933;275609;2
Wandering Witch: The Journey of Elaina;112609;371436;1
Warlords of Sigrdrifa;116173;381768;1
Wasteful Days of High School Girls;105081;361751;1
Wave, Listen to Me!;112353;371040;1
We Never Learn: BOKUBEN;103900;359095;1
We Never Learn: BOKUBEN;110229;359095;2
We Rent Tsukumogami;100562;347295;1
Welcome to Demon-School, Iruma-kun;107693;369144;1
Welcome to Demon-School, Iruma-kun;116338;369144;2
Welcome to Demon-School, Iruma-kun;139092;369144;3
Welcome to Meiji Hall!;111400;369749;1
Welcome to the Ballroom;98005;327014;1
What do you do at the end of the world? Are you busy? Will you save us?;21860;325208;1
When Seagulls Cry;4896;101981;1
When They Cry - Higurashi;934;79682;1
When They Cry - Higurashi;1889;79682;2
When They Cry - Higurashi;3652;79682;3
When They Cry - Higurashi;10491;79682;4
When Will Ayumu Make His Move?;128223;402337;1
Why the Hell Are You Here, Teacher!?;104325;359646;1
Wise Man's Grandchild;100112;354602;1
With a Dog AND a Cat, Every Day is Fun;116700;388485;1
Wizard Barristers;20053;275629;1
Wolf Girl & Black Prince;20701;284563;1
Woodpecker Detective's Office;108629;372238;1
World Break: Aria of Curse for a Holy Swordsman;20627;286855;1
World Conquest: Zvezda Plot;20496;275628;1
World Dai Star;157765;427708;1
World Fool News;98552;283243;1
World Fool News;98553;283243;2
World Trigger;20729;283934;1
World Trigger;114087;283934;2
World Trigger;127400;283934;3
World Witches Take Off!;121681;395022;1
Wotakoi Love is Hard for Otaku;99578;341425;1
X&Y;141855;432849;1
Xuan Yuan Sword Luminary;104103;353579;1
Ya Boy Kongming!;141774;412580;1
Yamada-kun and the Seven Witches;20966;289744;1
Yami Shibai - Japanese Ghost Stories;19383;271591;1
Yami Shibai - Japanese Ghost Stories;20669;271591;2
Yami Shibai - Japanese Ghost Stories;21473;271591;3
Yami Shibai - Japanese Ghost Stories;97890;271591;4
Yami Shibai - Japanese Ghost Stories;98978;271591;5
Yami Shibai - Japanese Ghost Stories;101743;271591;6
Yami Shibai - Japanese Ghost Stories;109603;271591;7
Yami Shibai - Japanese Ghost Stories;126678;271591;8
Yami Shibai - Japanese Ghost Stories;135108;271591;9
Yami Shibai - Japanese Ghost Stories;142826;271591;10
Yashahime: Princess Half-Demon;118399;384485;1
Yashahime: Princess Half-Demon;131264;384485;2
Yatogame-chan Kansatsu Nikki;102064;360553;1
Yatogame-chan Kansatsu Nikki;110090;360553;2
Yatogame-chan Kansatsu Nikki;124394;360553;3
Yatogame-chan Kansatsu Nikki;142016;360553;4
Yatterman Night;20922;289174;1
Yawara! A Fashionable Judo Girl;691;143471;1
Yona of the Dawn;20770;283942;1
You Don't Know Gunma Yet (2018);101042;342345;1
You're Being Summoned, Azazel-san;7762;247911;1
You're Being Summoned, Azazel-san;10216;247911;2
You're Being Summoned, Azazel-san;16241;247911;3
Young Kiitarou and His Youkai Picture Diary;21802;316334;1
Young Kindaichi's Casebook;2076;79460;1
Young Kindaichi's Casebook;20642;79460;2
Young Kindaichi's Casebook;21286;79460;3
Your Lie in April;20665;279830;1
Yowamushi Pedal;18179;272309;1
Yowamushi Pedal;20723;272309;2
Yowamushi Pedal;21407;272309;3
Yowamushi Pedal;99476;272309;4
Yowamushi Pedal;142481;272309;5
Yozakura Quartet (2013);18497;273009;1
Yu-Gi-Oh! Arc-V;20552;278975;1
Yu-Gi-Oh! Duel Monsters;481;76894;1
Yu-Gi-Oh! Zexal;10015;248049;1
Yu-Gi-Oh! Zexal;15489;248049;2
Yu-No: A Girl Who Chants Love at the Bound of this World;97995;359955;1
Yu-Shibu;18677;273002;1
Yuki Yuna is a Hero;20800;284263;1
Yuki Yuna is a Hero;100791;284263;2
Yuki Yuna is a Hero;97769;284263;3
Yuki Yuna is a Hero;122292;284263;4
Yuri Is My Job!;149028;420120;1
Yuru Yuri;10495;250022;1
Yuru Yuri;12403;250022;2
Yuru Yuri;21088;250022;3
Yuuna and the Haunted Hot Springs;100483;344980;1
ZOMBIE LAND SAGA;103871;351953;1
ZOMBIE LAND SAGA;110733;351953;2
Ze Tian Ji;101409;326732;1
Ze Tian Ji;102165;326732;2
Ze Tian Ji;102166;326732;3
Zero no Tsukaima;1195;79719;1
Zero no Tsukaima;1840;79719;2
Zero no Tsukaima;3712;79719;3
Zero no Tsukaima;11319;79719;4
Zettai Bōei Leviathan;17681;268286;1
anohana: The Flower We Saw That Day;9989;247958;1
ef;2924;80904;1
ef;4789;80904;2
takt op.Destiny;131565;405661;1
xxxHOLiC;861;79283;1
xxxHOLiC;3091;79283;2
